"","race","call"
"1","white",0
"2","white",0
"3","black",0
"4","black",0
"5","white",0
"6","white",0
"7","white",0
"8","black",0
"9","black",0
"10","black",0
"11","black",0
"12","white",0
"13","black",0
"14","white",0
"15","black",0
"16","white",0
"17","white",0
"18","black",0
"19","white",0
"20","black",0
"21","black",0
"22","white",0
"23","white",0
"24","white",0
"25","white",0
"26","black",0
"27","black",0
"28","white",0
"29","black",0
"30","black",0
"31","white",0
"32","black",0
"33","white",0
"34","black",0
"35","white",0
"36","white",0
"37","black",0
"38","black",0
"39","black",0
"40","white",0
"41","white",0
"42","black",0
"43","white",0
"44","white",0
"45","black",0
"46","black",0
"47","white",0
"48","black",0
"49","white",0
"50","black",0
"51","black",0
"52","white",0
"53","white",0
"54","black",0
"55","white",0
"56","black",0
"57","white",0
"58","black",0
"59","white",0
"60","black",0
"61","black",0
"62","white",0
"63","white",0
"64","white",0
"65","black",0
"66","black",0
"67","black",0
"68","white",0
"69","black",0
"70","white",0
"71","white",0
"72","black",0
"73","black",0
"74","white",0
"75","white",0
"76","black",0
"77","white",0
"78","black",0
"79","black",0
"80","white",0
"81","black",0
"82","white",0
"83","white",0
"84","black",0
"85","black",0
"86","white",1
"87","white",0
"88","black",0
"89","white",0
"90","white",0
"91","black",0
"92","white",0
"93","black",0
"94","black",0
"95","black",0
"96","white",1
"97","black",0
"98","white",0
"99","black",0
"100","white",0
"101","black",0
"102","white",0
"103","black",0
"104","white",0
"105","white",0
"106","white",1
"107","black",0
"108","black",1
"109","black",0
"110","white",0
"111","white",0
"112","black",0
"113","white",0
"114","black",0
"115","white",0
"116","black",0
"117","white",0
"118","black",0
"119","black",0
"120","white",0
"121","black",0
"122","white",0
"123","white",0
"124","white",0
"125","black",0
"126","black",0
"127","black",1
"128","white",1
"129","black",0
"130","white",0
"131","white",0
"132","black",0
"133","white",0
"134","black",0
"135","white",0
"136","white",0
"137","black",0
"138","black",0
"139","black",0
"140","white",0
"141","white",0
"142","black",0
"143","black",0
"144","white",0
"145","black",0
"146","white",0
"147","white",0
"148","white",0
"149","black",0
"150","black",0
"151","white",0
"152","black",0
"153","white",0
"154","black",0
"155","black",0
"156","white",0
"157","black",0
"158","white",0
"159","black",0
"160","black",0
"161","white",0
"162","black",0
"163","white",0
"164","white",0
"165","white",0
"166","white",1
"167","black",0
"168","black",0
"169","white",1
"170","white",0
"171","black",0
"172","black",1
"173","black",0
"174","white",0
"175","white",0
"176","white",0
"177","white",0
"178","white",0
"179","white",0
"180","white",0
"181","black",0
"182","white",0
"183","white",0
"184","white",0
"185","black",0
"186","black",0
"187","black",0
"188","black",0
"189","black",0
"190","black",0
"191","black",0
"192","white",0
"193","white",0
"194","black",0
"195","white",0
"196","white",0
"197","black",0
"198","black",0
"199","black",0
"200","black",0
"201","black",1
"202","white",1
"203","white",0
"204","black",0
"205","white",0
"206","black",0
"207","white",0
"208","black",0
"209","black",0
"210","white",0
"211","white",1
"212","black",0
"213","black",0
"214","white",0
"215","white",0
"216","white",0
"217","black",0
"218","black",0
"219","black",0
"220","white",0
"221","white",0
"222","white",0
"223","black",0
"224","black",0
"225","black",0
"226","white",0
"227","black",0
"228","white",0
"229","white",0
"230","white",0
"231","black",0
"232","black",0
"233","white",0
"234","white",0
"235","black",0
"236","black",0
"237","black",0
"238","white",0
"239","white",0
"240","black",0
"241","black",0
"242","white",0
"243","black",0
"244","white",0
"245","black",0
"246","white",0
"247","white",0
"248","white",1
"249","black",0
"250","black",0
"251","white",0
"252","black",0
"253","white",0
"254","black",0
"255","black",0
"256","white",0
"257","black",0
"258","white",0
"259","white",0
"260","black",1
"261","white",0
"262","black",0
"263","white",0
"264","black",0
"265","white",0
"266","black",0
"267","white",0
"268","white",1
"269","black",0
"270","black",1
"271","white",1
"272","black",1
"273","white",1
"274","black",0
"275","black",0
"276","white",0
"277","white",0
"278","white",0
"279","black",0
"280","black",0
"281","black",0
"282","white",0
"283","white",0
"284","white",0
"285","black",0
"286","black",0
"287","black",0
"288","black",0
"289","white",0
"290","white",0
"291","black",0
"292","white",0
"293","white",0
"294","white",0
"295","black",0
"296","black",0
"297","white",0
"298","white",0
"299","black",0
"300","black",0
"301","white",0
"302","white",0
"303","black",0
"304","black",0
"305","black",0
"306","white",0
"307","black",0
"308","white",0
"309","white",0
"310","black",0
"311","white",0
"312","white",0
"313","black",0
"314","black",0
"315","white",0
"316","black",0
"317","white",0
"318","white",0
"319","black",0
"320","black",0
"321","black",0
"322","white",0
"323","black",0
"324","white",0
"325","white",0
"326","white",0
"327","black",0
"328","white",0
"329","black",0
"330","black",0
"331","white",0
"332","black",0
"333","white",0
"334","white",0
"335","black",0
"336","black",0
"337","white",0
"338","black",0
"339","black",0
"340","white",0
"341","white",0
"342","black",0
"343","white",0
"344","white",0
"345","black",0
"346","black",0
"347","white",0
"348","black",0
"349","white",1
"350","black",0
"351","white",0
"352","white",0
"353","black",0
"354","black",0
"355","black",0
"356","black",0
"357","white",0
"358","white",0
"359","white",0
"360","black",0
"361","white",0
"362","white",0
"363","white",0
"364","white",0
"365","black",0
"366","white",0
"367","black",0
"368","black",0
"369","black",0
"370","black",0
"371","black",0
"372","white",0
"373","white",0
"374","white",0
"375","black",0
"376","black",0
"377","white",0
"378","black",0
"379","white",0
"380","black",0
"381","black",0
"382","white",0
"383","white",1
"384","black",1
"385","white",0
"386","black",0
"387","white",0
"388","black",0
"389","white",1
"390","black",0
"391","white",0
"392","black",0
"393","white",0
"394","black",0
"395","black",0
"396","white",0
"397","white",0
"398","black",0
"399","white",0
"400","white",0
"401","black",0
"402","black",0
"403","white",0
"404","black",0
"405","white",0
"406","black",0
"407","white",0
"408","black",0
"409","black",0
"410","white",0
"411","white",0
"412","black",0
"413","black",0
"414","white",1
"415","white",0
"416","black",0
"417","black",0
"418","white",0
"419","white",0
"420","black",0
"421","white",0
"422","black",0
"423","white",0
"424","black",0
"425","white",0
"426","white",0
"427","black",1
"428","black",1
"429","white",0
"430","black",0
"431","white",0
"432","black",0
"433","white",0
"434","white",0
"435","black",0
"436","black",0
"437","white",0
"438","white",0
"439","black",0
"440","black",0
"441","white",0
"442","black",0
"443","white",1
"444","black",0
"445","black",0
"446","white",0
"447","black",0
"448","white",1
"449","white",0
"450","white",0
"451","black",0
"452","black",0
"453","black",0
"454","white",0
"455","black",0
"456","white",0
"457","white",0
"458","white",0
"459","black",0
"460","black",0
"461","white",0
"462","white",0
"463","black",0
"464","black",0
"465","black",0
"466","white",0
"467","black",0
"468","white",0
"469","white",0
"470","black",0
"471","white",0
"472","black",0
"473","white",1
"474","black",0
"475","black",1
"476","white",1
"477","black",1
"478","white",1
"479","black",1
"480","white",1
"481","white",0
"482","black",0
"483","black",0
"484","white",0
"485","white",0
"486","black",0
"487","white",0
"488","black",0
"489","white",0
"490","white",0
"491","black",0
"492","black",0
"493","white",0
"494","white",0
"495","black",0
"496","white",0
"497","black",0
"498","black",0
"499","black",0
"500","white",0
"501","white",0
"502","white",0
"503","black",0
"504","black",0
"505","black",0
"506","white",0
"507","white",0
"508","black",0
"509","black",0
"510","white",0
"511","white",0
"512","black",0
"513","white",0
"514","black",0
"515","white",0
"516","black",0
"517","white",0
"518","black",0
"519","white",0
"520","black",0
"521","white",0
"522","black",0
"523","white",0
"524","black",0
"525","white",0
"526","black",0
"527","white",0
"528","white",0
"529","black",0
"530","black",0
"531","white",0
"532","black",0
"533","black",0
"534","white",0
"535","black",0
"536","white",0
"537","white",0
"538","black",0
"539","white",0
"540","black",0
"541","black",0
"542","black",0
"543","white",0
"544","white",0
"545","black",0
"546","white",0
"547","white",0
"548","white",0
"549","white",0
"550","white",0
"551","white",0
"552","black",0
"553","white",0
"554","white",0
"555","white",0
"556","black",0
"557","black",0
"558","white",0
"559","black",0
"560","black",0
"561","black",0
"562","black",0
"563","black",0
"564","black",0
"565","white",0
"566","white",0
"567","white",0
"568","black",0
"569","black",0
"570","black",0
"571","white",0
"572","black",0
"573","white",0
"574","black",0
"575","black",0
"576","white",0
"577","black",1
"578","white",1
"579","black",0
"580","white",0
"581","black",0
"582","black",0
"583","white",1
"584","white",0
"585","black",0
"586","white",0
"587","white",0
"588","black",0
"589","white",0
"590","black",0
"591","white",0
"592","black",0
"593","white",1
"594","black",0
"595","black",0
"596","white",1
"597","white",0
"598","white",0
"599","black",0
"600","black",0
"601","white",1
"602","white",0
"603","black",0
"604","black",0
"605","black",0
"606","white",0
"607","white",0
"608","black",0
"609","white",0
"610","black",0
"611","black",0
"612","white",0
"613","white",0
"614","black",0
"615","black",0
"616","white",0
"617","white",0
"618","black",0
"619","black",0
"620","white",0
"621","black",0
"622","white",0
"623","white",0
"624","black",0
"625","white",0
"626","black",0
"627","white",0
"628","black",0
"629","black",0
"630","white",0
"631","white",0
"632","black",0
"633","white",0
"634","black",0
"635","black",0
"636","white",0
"637","black",0
"638","black",0
"639","white",0
"640","white",0
"641","white",0
"642","white",0
"643","black",0
"644","black",0
"645","white",0
"646","white",0
"647","black",0
"648","black",0
"649","white",0
"650","white",0
"651","black",0
"652","black",0
"653","white",0
"654","black",0
"655","white",0
"656","white",0
"657","black",0
"658","black",0
"659","white",0
"660","black",0
"661","white",0
"662","black",0
"663","white",0
"664","black",0
"665","white",0
"666","black",0
"667","white",0
"668","black",0
"669","white",0
"670","black",0
"671","white",0
"672","black",0
"673","white",0
"674","black",0
"675","white",0
"676","black",0
"677","black",0
"678","white",0
"679","white",0
"680","black",0
"681","white",0
"682","black",0
"683","white",0
"684","black",0
"685","black",0
"686","white",0
"687","black",0
"688","white",0
"689","white",0
"690","black",0
"691","white",0
"692","black",0
"693","white",0
"694","black",0
"695","black",0
"696","white",0
"697","white",0
"698","white",0
"699","white",0
"700","white",0
"701","white",0
"702","white",0
"703","white",0
"704","white",0
"705","black",0
"706","white",0
"707","white",0
"708","black",0
"709","white",0
"710","black",0
"711","black",0
"712","black",0
"713","black",0
"714","black",0
"715","black",0
"716","black",0
"717","white",0
"718","black",0
"719","white",0
"720","black",0
"721","white",0
"722","white",0
"723","black",0
"724","black",0
"725","black",0
"726","black",0
"727","white",0
"728","black",0
"729","white",0
"730","black",0
"731","black",0
"732","white",0
"733","black",0
"734","white",0
"735","white",1
"736","black",1
"737","white",0
"738","black",0
"739","white",0
"740","black",0
"741","white",0
"742","black",0
"743","black",0
"744","white",0
"745","white",0
"746","black",0
"747","white",0
"748","black",0
"749","white",0
"750","black",0
"751","black",0
"752","white",0
"753","white",0
"754","white",0
"755","black",0
"756","black",0
"757","white",1
"758","black",0
"759","white",1
"760","black",0
"761","white",0
"762","white",0
"763","black",0
"764","black",0
"765","black",1
"766","white",1
"767","white",0
"768","black",0
"769","black",0
"770","black",0
"771","white",0
"772","white",0
"773","white",0
"774","black",0
"775","white",0
"776","black",0
"777","white",0
"778","black",0
"779","black",0
"780","white",0
"781","black",0
"782","white",0
"783","black",0
"784","white",0
"785","white",0
"786","black",0
"787","white",0
"788","black",0
"789","white",0
"790","black",0
"791","white",0
"792","black",0
"793","black",0
"794","white",0
"795","black",0
"796","white",0
"797","white",0
"798","white",0
"799","black",0
"800","black",0
"801","white",0
"802","white",0
"803","black",0
"804","black",0
"805","black",0
"806","white",0
"807","white",1
"808","black",0
"809","black",0
"810","white",0
"811","white",0
"812","black",0
"813","white",0
"814","white",0
"815","black",0
"816","black",0
"817","white",0
"818","black",0
"819","white",0
"820","black",0
"821","white",1
"822","white",0
"823","black",0
"824","black",0
"825","white",0
"826","white",0
"827","black",0
"828","black",0
"829","white",0
"830","white",0
"831","white",0
"832","white",0
"833","white",0
"834","white",0
"835","white",0
"836","white",0
"837","white",0
"838","black",0
"839","black",0
"840","black",0
"841","black",0
"842","white",0
"843","black",0
"844","black",0
"845","black",0
"846","black",0
"847","black",0
"848","black",0
"849","black",0
"850","white",0
"851","white",0
"852","white",0
"853","white",0
"854","white",0
"855","white",0
"856","black",0
"857","black",0
"858","black",0
"859","black",0
"860","black",0
"861","white",0
"862","white",0
"863","black",0
"864","black",0
"865","white",0
"866","black",0
"867","white",0
"868","black",0
"869","white",0
"870","black",0
"871","white",0
"872","black",0
"873","white",0
"874","black",0
"875","white",0
"876","black",0
"877","white",0
"878","black",0
"879","black",0
"880","white",0
"881","white",0
"882","white",0
"883","black",0
"884","black",0
"885","black",0
"886","white",1
"887","white",1
"888","black",0
"889","white",1
"890","black",0
"891","black",0
"892","white",0
"893","black",0
"894","white",0
"895","white",0
"896","black",0
"897","black",0
"898","white",1
"899","black",0
"900","white",0
"901","white",0
"902","black",0
"903","white",0
"904","black",0
"905","white",0
"906","black",0
"907","white",0
"908","black",0
"909","black",0
"910","white",1
"911","white",1
"912","black",0
"913","white",0
"914","black",0
"915","white",0
"916","black",0
"917","black",0
"918","white",0
"919","white",0
"920","white",0
"921","black",0
"922","black",0
"923","white",0
"924","black",0
"925","white",1
"926","black",1
"927","white",0
"928","white",0
"929","black",0
"930","black",0
"931","black",0
"932","white",0
"933","white",0
"934","black",0
"935","black",0
"936","white",0
"937","black",0
"938","white",0
"939","white",0
"940","black",0
"941","black",0
"942","white",0
"943","white",0
"944","white",0
"945","black",0
"946","black",0
"947","white",0
"948","white",0
"949","black",0
"950","black",0
"951","black",0
"952","white",0
"953","white",1
"954","black",0
"955","white",0
"956","black",0
"957","white",0
"958","black",0
"959","white",0
"960","black",0
"961","white",0
"962","white",0
"963","black",0
"964","black",0
"965","black",0
"966","white",0
"967","white",0
"968","black",0
"969","white",0
"970","white",0
"971","black",0
"972","black",0
"973","white",0
"974","black",0
"975","white",0
"976","black",0
"977","white",1
"978","black",0
"979","white",0
"980","black",0
"981","white",0
"982","white",0
"983","black",0
"984","black",0
"985","white",0
"986","black",0
"987","black",0
"988","white",1
"989","black",1
"990","white",0
"991","white",0
"992","black",0
"993","white",0
"994","black",0
"995","black",0
"996","black",0
"997","white",0
"998","white",0
"999","white",0
"1000","white",0
"1001","white",0
"1002","white",0
"1003","black",0
"1004","black",0
"1005","white",0
"1006","white",0
"1007","black",0
"1008","white",0
"1009","white",1
"1010","black",0
"1011","black",0
"1012","white",0
"1013","white",0
"1014","black",0
"1015","black",0
"1016","black",0
"1017","white",0
"1018","black",0
"1019","black",0
"1020","black",0
"1021","white",0
"1022","black",0
"1023","black",0
"1024","black",0
"1025","black",0
"1026","white",0
"1027","white",0
"1028","white",0
"1029","white",0
"1030","white",0
"1031","white",0
"1032","black",0
"1033","black",0
"1034","black",0
"1035","white",0
"1036","white",0
"1037","black",0
"1038","black",0
"1039","white",0
"1040","white",0
"1041","black",0
"1042","black",0
"1043","white",0
"1044","black",0
"1045","white",0
"1046","black",0
"1047","white",0
"1048","black",0
"1049","white",1
"1050","black",0
"1051","white",0
"1052","black",0
"1053","black",0
"1054","white",0
"1055","white",0
"1056","black",0
"1057","black",0
"1058","white",0
"1059","white",0
"1060","black",0
"1061","black",0
"1062","white",0
"1063","black",0
"1064","white",0
"1065","white",0
"1066","black",0
"1067","white",0
"1068","white",0
"1069","black",0
"1070","black",0
"1071","black",0
"1072","white",0
"1073","white",0
"1074","black",0
"1075","black",0
"1076","white",0
"1077","black",0
"1078","white",0
"1079","black",0
"1080","white",1
"1081","black",0
"1082","white",0
"1083","black",0
"1084","white",0
"1085","white",0
"1086","black",0
"1087","white",0
"1088","black",0
"1089","black",0
"1090","white",0
"1091","white",0
"1092","black",0
"1093","black",0
"1094","white",0
"1095","white",0
"1096","white",0
"1097","black",0
"1098","black",0
"1099","white",0
"1100","black",0
"1101","white",0
"1102","black",0
"1103","white",0
"1104","white",0
"1105","black",0
"1106","black",0
"1107","white",0
"1108","black",0
"1109","white",0
"1110","white",0
"1111","black",0
"1112","black",0
"1113","white",1
"1114","black",0
"1115","white",0
"1116","black",0
"1117","white",0
"1118","black",0
"1119","black",0
"1120","white",0
"1121","black",0
"1122","white",0
"1123","white",0
"1124","white",0
"1125","black",0
"1126","black",0
"1127","black",0
"1128","white",0
"1129","black",0
"1130","white",0
"1131","black",0
"1132","white",0
"1133","white",0
"1134","black",0
"1135","black",0
"1136","white",0
"1137","white",0
"1138","white",0
"1139","black",0
"1140","black",0
"1141","white",0
"1142","black",0
"1143","black",0
"1144","white",0
"1145","white",0
"1146","black",0
"1147","white",0
"1148","black",0
"1149","white",0
"1150","black",0
"1151","black",0
"1152","black",0
"1153","white",0
"1154","black",0
"1155","white",0
"1156","white",0
"1157","white",0
"1158","black",0
"1159","white",0
"1160","white",0
"1161","black",0
"1162","black",0
"1163","black",0
"1164","white",1
"1165","white",1
"1166","black",1
"1167","white",0
"1168","black",0
"1169","white",0
"1170","black",0
"1171","black",0
"1172","white",1
"1173","black",0
"1174","white",0
"1175","black",0
"1176","white",0
"1177","white",0
"1178","black",0
"1179","white",0
"1180","black",0
"1181","white",0
"1182","black",0
"1183","black",0
"1184","white",0
"1185","white",0
"1186","black",0
"1187","white",1
"1188","black",0
"1189","black",0
"1190","white",0
"1191","black",0
"1192","white",0
"1193","black",0
"1194","white",0
"1195","white",0
"1196","black",0
"1197","black",0
"1198","white",0
"1199","black",0
"1200","white",0
"1201","white",0
"1202","black",0
"1203","black",0
"1204","white",0
"1205","white",0
"1206","black",0
"1207","black",0
"1208","white",0
"1209","white",0
"1210","black",0
"1211","white",0
"1212","white",1
"1213","black",1
"1214","black",1
"1215","black",0
"1216","white",0
"1217","white",0
"1218","black",0
"1219","black",0
"1220","white",0
"1221","white",0
"1222","black",0
"1223","white",0
"1224","white",0
"1225","black",0
"1226","black",0
"1227","white",0
"1228","black",0
"1229","white",0
"1230","black",0
"1231","white",0
"1232","black",0
"1233","white",0
"1234","black",0
"1235","black",0
"1236","white",0
"1237","white",0
"1238","black",0
"1239","white",0
"1240","black",0
"1241","white",0
"1242","white",0
"1243","black",0
"1244","black",0
"1245","white",0
"1246","black",0
"1247","black",0
"1248","white",0
"1249","white",0
"1250","white",0
"1251","white",0
"1252","white",0
"1253","black",0
"1254","black",1
"1255","black",0
"1256","black",0
"1257","white",0
"1258","white",0
"1259","white",0
"1260","white",0
"1261","black",0
"1262","white",0
"1263","black",1
"1264","black",0
"1265","black",0
"1266","black",0
"1267","black",0
"1268","white",0
"1269","white",0
"1270","white",0
"1271","black",0
"1272","white",0
"1273","white",0
"1274","black",0
"1275","black",0
"1276","black",0
"1277","white",0
"1278","black",0
"1279","white",1
"1280","black",0
"1281","white",0
"1282","black",0
"1283","black",0
"1284","white",1
"1285","white",0
"1286","black",0
"1287","white",0
"1288","black",0
"1289","white",0
"1290","black",0
"1291","black",0
"1292","white",0
"1293","black",0
"1294","white",0
"1295","white",0
"1296","black",0
"1297","white",0
"1298","white",0
"1299","black",0
"1300","black",0
"1301","white",1
"1302","white",0
"1303","black",0
"1304","black",0
"1305","black",0
"1306","white",0
"1307","white",0
"1308","black",0
"1309","white",1
"1310","black",1
"1311","black",1
"1312","white",1
"1313","white",0
"1314","white",0
"1315","black",0
"1316","black",0
"1317","white",0
"1318","black",0
"1319","white",0
"1320","black",0
"1321","white",0
"1322","black",0
"1323","white",0
"1324","black",0
"1325","black",0
"1326","white",0
"1327","white",0
"1328","black",0
"1329","white",0
"1330","black",0
"1331","white",1
"1332","black",1
"1333","white",1
"1334","black",1
"1335","white",0
"1336","white",0
"1337","black",0
"1338","black",0
"1339","white",0
"1340","white",0
"1341","black",0
"1342","black",0
"1343","white",0
"1344","black",0
"1345","black",0
"1346","white",0
"1347","white",0
"1348","black",0
"1349","black",0
"1350","white",0
"1351","white",0
"1352","white",0
"1353","black",0
"1354","black",0
"1355","white",0
"1356","black",0
"1357","black",0
"1358","white",0
"1359","white",0
"1360","black",0
"1361","white",0
"1362","black",0
"1363","white",0
"1364","white",0
"1365","black",0
"1366","black",0
"1367","white",0
"1368","black",0
"1369","white",0
"1370","black",0
"1371","white",1
"1372","black",0
"1373","white",0
"1374","black",0
"1375","black",0
"1376","black",0
"1377","black",0
"1378","white",0
"1379","white",0
"1380","white",0
"1381","white",0
"1382","white",0
"1383","white",0
"1384","white",0
"1385","black",0
"1386","white",0
"1387","black",0
"1388","black",0
"1389","black",0
"1390","white",0
"1391","white",0
"1392","white",0
"1393","black",0
"1394","black",0
"1395","black",0
"1396","black",0
"1397","black",0
"1398","white",0
"1399","white",0
"1400","white",0
"1401","black",0
"1402","white",0
"1403","white",0
"1404","black",0
"1405","black",0
"1406","black",0
"1407","black",1
"1408","white",1
"1409","white",1
"1410","black",1
"1411","white",1
"1412","white",0
"1413","black",0
"1414","black",0
"1415","white",0
"1416","black",0
"1417","black",0
"1418","white",0
"1419","white",0
"1420","white",0
"1421","black",0
"1422","black",0
"1423","black",0
"1424","white",0
"1425","white",0
"1426","black",0
"1427","white",0
"1428","black",0
"1429","white",0
"1430","black",0
"1431","white",1
"1432","white",0
"1433","black",0
"1434","black",0
"1435","white",1
"1436","white",1
"1437","black",0
"1438","black",0
"1439","white",0
"1440","black",0
"1441","white",0
"1442","black",0
"1443","white",1
"1444","black",0
"1445","white",1
"1446","black",0
"1447","white",1
"1448","black",1
"1449","black",0
"1450","white",0
"1451","white",0
"1452","black",0
"1453","black",0
"1454","white",0
"1455","white",0
"1456","black",0
"1457","white",0
"1458","white",0
"1459","black",0
"1460","black",0
"1461","white",0
"1462","white",0
"1463","black",0
"1464","black",0
"1465","white",0
"1466","white",0
"1467","black",0
"1468","black",0
"1469","white",0
"1470","black",0
"1471","black",0
"1472","white",0
"1473","white",0
"1474","black",0
"1475","white",0
"1476","black",0
"1477","white",0
"1478","black",0
"1479","black",0
"1480","white",0
"1481","white",0
"1482","black",0
"1483","white",0
"1484","black",0
"1485","white",0
"1486","black",0
"1487","white",0
"1488","black",0
"1489","black",0
"1490","white",0
"1491","white",0
"1492","white",0
"1493","black",0
"1494","black",0
"1495","white",1
"1496","black",0
"1497","black",0
"1498","white",1
"1499","black",0
"1500","black",0
"1501","white",0
"1502","white",0
"1503","white",0
"1504","black",0
"1505","black",0
"1506","black",0
"1507","white",0
"1508","white",0
"1509","white",0
"1510","black",0
"1511","black",0
"1512","white",0
"1513","black",0
"1514","white",0
"1515","black",0
"1516","white",0
"1517","black",0
"1518","black",0
"1519","black",0
"1520","white",1
"1521","white",0
"1522","white",0
"1523","white",0
"1524","white",1
"1525","white",0
"1526","black",0
"1527","white",0
"1528","black",0
"1529","black",1
"1530","white",0
"1531","black",0
"1532","black",0
"1533","black",1
"1534","black",0
"1535","black",0
"1536","white",0
"1537","white",0
"1538","white",0
"1539","white",0
"1540","white",0
"1541","white",0
"1542","black",0
"1543","black",0
"1544","black",0
"1545","white",0
"1546","black",0
"1547","black",0
"1548","white",1
"1549","black",0
"1550","white",0
"1551","white",0
"1552","black",0
"1553","white",0
"1554","black",0
"1555","black",0
"1556","white",0
"1557","black",0
"1558","white",0
"1559","black",1
"1560","white",0
"1561","white",0
"1562","white",1
"1563","black",0
"1564","black",1
"1565","black",0
"1566","white",1
"1567","white",1
"1568","black",0
"1569","black",0
"1570","white",0
"1571","black",0
"1572","white",0
"1573","white",0
"1574","white",1
"1575","black",0
"1576","black",0
"1577","white",1
"1578","black",0
"1579","black",0
"1580","white",0
"1581","white",1
"1582","black",1
"1583","white",1
"1584","black",1
"1585","white",0
"1586","black",0
"1587","white",0
"1588","black",0
"1589","white",0
"1590","black",1
"1591","white",0
"1592","black",0
"1593","white",0
"1594","white",0
"1595","black",0
"1596","black",0
"1597","white",0
"1598","black",0
"1599","white",0
"1600","black",0
"1601","black",0
"1602","white",0
"1603","white",0
"1604","black",0
"1605","white",0
"1606","black",0
"1607","black",0
"1608","white",0
"1609","white",0
"1610","black",0
"1611","black",0
"1612","white",0
"1613","white",0
"1614","black",0
"1615","white",0
"1616","black",0
"1617","black",0
"1618","white",0
"1619","white",0
"1620","black",0
"1621","white",0
"1622","black",0
"1623","white",0
"1624","black",0
"1625","white",0
"1626","black",0
"1627","black",0
"1628","white",0
"1629","white",0
"1630","black",0
"1631","white",0
"1632","black",0
"1633","white",0
"1634","black",0
"1635","white",0
"1636","black",0
"1637","white",0
"1638","white",0
"1639","black",0
"1640","black",0
"1641","white",0
"1642","black",0
"1643","black",0
"1644","white",0
"1645","white",0
"1646","black",0
"1647","black",0
"1648","white",0
"1649","white",0
"1650","black",0
"1651","white",0
"1652","black",0
"1653","white",0
"1654","black",0
"1655","white",0
"1656","white",0
"1657","white",0
"1658","white",0
"1659","black",0
"1660","white",0
"1661","white",0
"1662","white",0
"1663","white",0
"1664","black",0
"1665","black",0
"1666","black",0
"1667","black",0
"1668","black",0
"1669","black",0
"1670","white",0
"1671","white",0
"1672","white",0
"1673","black",0
"1674","black",0
"1675","black",0
"1676","white",0
"1677","white",0
"1678","black",0
"1679","white",0
"1680","black",0
"1681","black",0
"1682","black",0
"1683","white",0
"1684","white",0
"1685","black",0
"1686","black",0
"1687","white",1
"1688","black",0
"1689","white",0
"1690","black",0
"1691","white",0
"1692","white",0
"1693","black",0
"1694","black",0
"1695","white",1
"1696","black",1
"1697","white",1
"1698","black",0
"1699","black",0
"1700","white",0
"1701","white",0
"1702","black",1
"1703","black",0
"1704","white",0
"1705","white",0
"1706","black",0
"1707","white",0
"1708","black",0
"1709","white",0
"1710","black",0
"1711","black",0
"1712","white",1
"1713","white",1
"1714","black",0
"1715","white",0
"1716","white",1
"1717","black",0
"1718","black",1
"1719","white",0
"1720","black",0
"1721","white",0
"1722","black",0
"1723","white",0
"1724","black",0
"1725","white",0
"1726","black",0
"1727","white",0
"1728","black",0
"1729","black",0
"1730","white",0
"1731","white",0
"1732","black",0
"1733","white",0
"1734","white",0
"1735","black",0
"1736","black",0
"1737","black",0
"1738","white",1
"1739","white",0
"1740","black",0
"1741","white",1
"1742","black",0
"1743","black",0
"1744","white",1
"1745","white",0
"1746","black",0
"1747","white",0
"1748","black",0
"1749","white",0
"1750","black",0
"1751","white",0
"1752","black",0
"1753","white",0
"1754","black",0
"1755","black",0
"1756","white",0
"1757","black",0
"1758","white",0
"1759","white",0
"1760","black",0
"1761","white",0
"1762","black",0
"1763","white",0
"1764","white",0
"1765","black",0
"1766","white",0
"1767","black",0
"1768","black",0
"1769","black",0
"1770","white",0
"1771","black",0
"1772","white",0
"1773","white",0
"1774","white",0
"1775","black",0
"1776","black",0
"1777","black",0
"1778","white",0
"1779","black",0
"1780","black",0
"1781","white",0
"1782","white",0
"1783","white",0
"1784","black",0
"1785","black",0
"1786","white",0
"1787","white",0
"1788","black",0
"1789","white",0
"1790","white",0
"1791","black",0
"1792","black",0
"1793","white",0
"1794","black",0
"1795","white",0
"1796","white",0
"1797","white",0
"1798","black",0
"1799","black",0
"1800","black",0
"1801","white",0
"1802","black",0
"1803","white",0
"1804","black",0
"1805","black",0
"1806","white",0
"1807","white",0
"1808","black",0
"1809","white",0
"1810","white",0
"1811","black",0
"1812","white",0
"1813","black",0
"1814","black",0
"1815","white",1
"1816","black",1
"1817","black",0
"1818","white",0
"1819","black",0
"1820","white",0
"1821","black",0
"1822","white",0
"1823","black",0
"1824","white",0
"1825","white",0
"1826","black",0
"1827","white",0
"1828","black",0
"1829","white",0
"1830","black",0
"1831","white",0
"1832","white",0
"1833","white",0
"1834","black",0
"1835","black",0
"1836","black",0
"1837","white",0
"1838","white",0
"1839","black",0
"1840","white",0
"1841","black",0
"1842","black",0
"1843","white",0
"1844","white",0
"1845","black",0
"1846","white",1
"1847","black",0
"1848","black",0
"1849","white",0
"1850","black",0
"1851","black",0
"1852","black",0
"1853","white",0
"1854","white",0
"1855","white",0
"1856","white",0
"1857","black",0
"1858","black",0
"1859","white",0
"1860","black",0
"1861","white",0
"1862","black",0
"1863","black",0
"1864","black",0
"1865","white",0
"1866","white",0
"1867","black",0
"1868","white",0
"1869","white",0
"1870","black",0
"1871","white",0
"1872","black",0
"1873","white",0
"1874","white",0
"1875","white",0
"1876","black",0
"1877","black",0
"1878","black",0
"1879","black",0
"1880","black",0
"1881","white",0
"1882","white",0
"1883","black",0
"1884","black",0
"1885","white",0
"1886","white",0
"1887","white",0
"1888","white",1
"1889","black",0
"1890","black",0
"1891","black",1
"1892","black",0
"1893","white",1
"1894","white",0
"1895","black",0
"1896","white",0
"1897","white",0
"1898","white",0
"1899","black",0
"1900","black",0
"1901","white",0
"1902","white",0
"1903","white",0
"1904","black",0
"1905","black",0
"1906","white",0
"1907","black",0
"1908","black",0
"1909","black",0
"1910","black",0
"1911","black",0
"1912","white",1
"1913","white",0
"1914","white",0
"1915","white",0
"1916","black",1
"1917","white",0
"1918","black",0
"1919","white",0
"1920","black",0
"1921","white",0
"1922","black",0
"1923","white",0
"1924","black",0
"1925","white",0
"1926","black",0
"1927","black",0
"1928","white",0
"1929","black",0
"1930","white",0
"1931","white",0
"1932","white",0
"1933","black",0
"1934","black",0
"1935","black",1
"1936","white",1
"1937","white",0
"1938","black",1
"1939","white",0
"1940","black",0
"1941","white",0
"1942","black",0
"1943","white",0
"1944","black",0
"1945","white",0
"1946","black",0
"1947","white",0
"1948","black",0
"1949","white",0
"1950","black",0
"1951","white",1
"1952","black",1
"1953","white",0
"1954","black",0
"1955","black",0
"1956","white",0
"1957","white",0
"1958","white",0
"1959","black",0
"1960","black",0
"1961","black",1
"1962","white",0
"1963","white",0
"1964","black",0
"1965","white",0
"1966","black",0
"1967","black",0
"1968","white",0
"1969","black",0
"1970","black",1
"1971","white",0
"1972","white",0
"1973","white",0
"1974","black",0
"1975","white",0
"1976","black",0
"1977","white",0
"1978","black",1
"1979","white",0
"1980","black",0
"1981","black",0
"1982","white",0
"1983","black",0
"1984","white",0
"1985","black",0
"1986","white",1
"1987","white",0
"1988","white",0
"1989","white",0
"1990","white",0
"1991","black",0
"1992","white",0
"1993","black",0
"1994","white",0
"1995","black",0
"1996","black",0
"1997","black",0
"1998","black",0
"1999","white",0
"2000","white",0
"2001","black",0
"2002","white",0
"2003","black",0
"2004","black",0
"2005","white",0
"2006","black",0
"2007","white",0
"2008","black",0
"2009","white",1
"2010","black",1
"2011","black",1
"2012","white",0
"2013","black",0
"2014","white",1
"2015","black",0
"2016","white",0
"2017","white",0
"2018","black",0
"2019","white",0
"2020","black",0
"2021","white",0
"2022","black",0
"2023","white",0
"2024","black",0
"2025","black",0
"2026","white",0
"2027","white",1
"2028","black",0
"2029","black",0
"2030","white",0
"2031","white",0
"2032","black",0
"2033","black",0
"2034","black",0
"2035","white",0
"2036","white",0
"2037","white",0
"2038","black",0
"2039","white",0
"2040","black",0
"2041","white",0
"2042","white",0
"2043","black",0
"2044","black",0
"2045","white",0
"2046","black",0
"2047","white",0
"2048","black",0
"2049","white",0
"2050","black",0
"2051","white",0
"2052","black",0
"2053","white",0
"2054","black",0
"2055","white",0
"2056","black",0
"2057","white",0
"2058","black",0
"2059","black",0
"2060","white",0
"2061","black",0
"2062","white",0
"2063","white",0
"2064","black",0
"2065","white",0
"2066","white",0
"2067","white",0
"2068","black",0
"2069","white",0
"2070","black",0
"2071","white",0
"2072","white",0
"2073","black",0
"2074","white",0
"2075","black",0
"2076","black",0
"2077","black",0
"2078","white",0
"2079","white",0
"2080","white",0
"2081","black",0
"2082","black",0
"2083","black",0
"2084","black",0
"2085","white",0
"2086","white",0
"2087","black",0
"2088","black",0
"2089","white",0
"2090","white",0
"2091","black",0
"2092","black",0
"2093","white",1
"2094","black",1
"2095","white",0
"2096","black",0
"2097","white",1
"2098","white",1
"2099","black",1
"2100","black",1
"2101","black",0
"2102","white",0
"2103","black",0
"2104","white",0
"2105","black",0
"2106","white",0
"2107","white",1
"2108","black",0
"2109","white",1
"2110","black",0
"2111","white",1
"2112","black",0
"2113","white",0
"2114","black",0
"2115","white",0
"2116","black",0
"2117","black",0
"2118","white",0
"2119","white",0
"2120","black",0
"2121","black",0
"2122","white",0
"2123","white",0
"2124","black",0
"2125","black",0
"2126","white",0
"2127","white",0
"2128","black",0
"2129","black",0
"2130","white",0
"2131","white",0
"2132","black",0
"2133","white",0
"2134","white",0
"2135","black",0
"2136","black",0
"2137","black",0
"2138","white",0
"2139","white",0
"2140","black",0
"2141","white",0
"2142","white",0
"2143","black",0
"2144","black",0
"2145","white",0
"2146","white",0
"2147","black",0
"2148","black",0
"2149","white",0
"2150","white",0
"2151","black",0
"2152","black",0
"2153","white",0
"2154","white",0
"2155","white",0
"2156","white",0
"2157","black",0
"2158","white",0
"2159","white",0
"2160","white",0
"2161","white",0
"2162","black",0
"2163","black",0
"2164","black",0
"2165","black",1
"2166","black",0
"2167","black",0
"2168","white",0
"2169","black",0
"2170","black",0
"2171","black",0
"2172","black",0
"2173","black",0
"2174","black",0
"2175","black",0
"2176","white",0
"2177","white",0
"2178","white",0
"2179","white",0
"2180","white",0
"2181","white",0
"2182","white",0
"2183","white",0
"2184","black",0
"2185","black",0
"2186","black",0
"2187","black",0
"2188","black",0
"2189","white",0
"2190","white",0
"2191","white",0
"2192","black",0
"2193","black",0
"2194","white",1
"2195","white",1
"2196","black",0
"2197","white",0
"2198","black",0
"2199","white",0
"2200","black",0
"2201","white",0
"2202","black",1
"2203","black",0
"2204","white",1
"2205","white",1
"2206","black",0
"2207","black",0
"2208","white",1
"2209","white",0
"2210","black",0
"2211","black",1
"2212","white",0
"2213","white",0
"2214","white",0
"2215","black",0
"2216","black",0
"2217","white",0
"2218","white",0
"2219","black",0
"2220","black",0
"2221","black",0
"2222","white",1
"2223","black",1
"2224","white",0
"2225","black",0
"2226","white",0
"2227","black",0
"2228","white",1
"2229","white",1
"2230","black",0
"2231","black",0
"2232","white",0
"2233","white",0
"2234","white",1
"2235","black",0
"2236","black",0
"2237","white",0
"2238","white",0
"2239","black",0
"2240","black",0
"2241","black",0
"2242","white",0
"2243","white",0
"2244","black",0
"2245","black",0
"2246","white",0
"2247","black",0
"2248","white",0
"2249","white",0
"2250","white",0
"2251","black",0
"2252","black",0
"2253","white",0
"2254","white",0
"2255","black",0
"2256","black",1
"2257","black",0
"2258","white",0
"2259","black",0
"2260","white",0
"2261","black",0
"2262","white",0
"2263","white",0
"2264","black",0
"2265","white",0
"2266","black",0
"2267","black",0
"2268","white",0
"2269","black",0
"2270","white",0
"2271","white",0
"2272","white",0
"2273","white",0
"2274","white",0
"2275","black",0
"2276","black",0
"2277","white",0
"2278","white",0
"2279","white",0
"2280","white",0
"2281","black",0
"2282","white",0
"2283","black",0
"2284","black",0
"2285","black",0
"2286","white",0
"2287","white",0
"2288","black",0
"2289","black",0
"2290","black",0
"2291","black",0
"2292","black",0
"2293","white",0
"2294","white",0
"2295","white",0
"2296","white",0
"2297","black",0
"2298","black",0
"2299","black",0
"2300","black",0
"2301","black",0
"2302","white",1
"2303","white",1
"2304","black",1
"2305","black",0
"2306","white",0
"2307","black",0
"2308","white",0
"2309","white",0
"2310","white",0
"2311","black",0
"2312","black",0
"2313","black",0
"2314","white",0
"2315","white",0
"2316","black",0
"2317","white",1
"2318","black",1
"2319","white",1
"2320","black",1
"2321","black",0
"2322","white",0
"2323","black",0
"2324","white",0
"2325","white",1
"2326","white",1
"2327","black",1
"2328","black",0
"2329","black",0
"2330","white",0
"2331","black",0
"2332","white",0
"2333","white",0
"2334","black",0
"2335","white",0
"2336","black",0
"2337","black",0
"2338","white",0
"2339","black",0
"2340","white",0
"2341","white",0
"2342","white",0
"2343","white",0
"2344","white",0
"2345","white",0
"2346","white",0
"2347","white",0
"2348","black",0
"2349","black",0
"2350","black",0
"2351","white",0
"2352","black",0
"2353","black",0
"2354","black",0
"2355","black",0
"2356","black",0
"2357","black",0
"2358","black",0
"2359","white",0
"2360","white",0
"2361","black",0
"2362","black",0
"2363","white",0
"2364","white",0
"2365","white",0
"2366","black",0
"2367","black",0
"2368","white",0
"2369","black",0
"2370","white",0
"2371","white",0
"2372","black",0
"2373","black",0
"2374","white",0
"2375","white",0
"2376","black",1
"2377","white",0
"2378","white",0
"2379","black",1
"2380","black",1
"2381","white",1
"2382","black",1
"2383","black",1
"2384","white",1
"2385","black",0
"2386","black",0
"2387","white",0
"2388","white",0
"2389","white",0
"2390","black",0
"2391","white",0
"2392","black",0
"2393","white",1
"2394","black",0
"2395","black",0
"2396","white",1
"2397","white",0
"2398","black",0
"2399","white",0
"2400","black",0
"2401","black",0
"2402","black",0
"2403","white",0
"2404","white",0
"2405","black",0
"2406","white",0
"2407","black",0
"2408","white",0
"2409","black",0
"2410","white",0
"2411","black",0
"2412","white",0
"2413","black",0
"2414","white",0
"2415","black",0
"2416","white",0
"2417","black",0
"2418","white",0
"2419","white",0
"2420","black",0
"2421","black",0
"2422","white",0
"2423","white",0
"2424","white",0
"2425","black",0
"2426","black",0
"2427","white",0
"2428","black",0
"2429","white",0
"2430","black",0
"2431","black",0
"2432","white",0
"2433","white",0
"2434","white",0
"2435","white",0
"2436","white",0
"2437","white",0
"2438","white",0
"2439","black",0
"2440","black",0
"2441","white",0
"2442","white",0
"2443","black",0
"2444","black",0
"2445","white",0
"2446","black",0
"2447","white",0
"2448","black",0
"2449","black",0
"2450","black",0
"2451","white",0
"2452","black",0
"2453","black",0
"2454","black",0
"2455","black",0
"2456","black",0
"2457","white",0
"2458","white",0
"2459","white",0
"2460","white",0
"2461","black",0
"2462","black",0
"2463","black",0
"2464","black",0
"2465","white",0
"2466","white",0
"2467","black",0
"2468","white",1
"2469","white",1
"2470","black",1
"2471","white",0
"2472","black",0
"2473","black",0
"2474","white",0
"2475","black",0
"2476","white",1
"2477","white",1
"2478","black",0
"2479","white",0
"2480","black",0
"2481","white",0
"2482","black",0
"2483","white",0
"2484","white",0
"2485","black",0
"2486","black",0
"2487","white",0
"2488","white",0
"2489","black",0
"2490","black",0
"2491","white",1
"2492","black",1
"2493","white",0
"2494","black",0
"2495","black",0
"2496","white",0
"2497","black",0
"2498","white",0
"2499","white",0
"2500","white",0
"2501","black",0
"2502","black",0
"2503","white",0
"2504","white",0
"2505","black",0
"2506","black",0
"2507","white",0
"2508","black",0
"2509","white",0
"2510","black",0
"2511","black",0
"2512","black",0
"2513","white",0
"2514","white",0
"2515","white",0
"2516","white",1
"2517","white",0
"2518","white",0
"2519","white",0
"2520","white",1
"2521","white",0
"2522","white",0
"2523","black",0
"2524","black",0
"2525","black",0
"2526","black",0
"2527","black",0
"2528","black",0
"2529","white",0
"2530","white",0
"2531","black",1
"2532","black",0
"2533","black",0
"2534","black",0
"2535","white",0
"2536","black",0
"2537","white",0
"2538","black",0
"2539","black",0
"2540","white",1
"2541","white",1
"2542","black",1
"2543","white",0
"2544","white",0
"2545","black",0
"2546","black",0
"2547","white",0
"2548","black",0
"2549","white",0
"2550","black",1
"2551","white",0
"2552","black",0
"2553","white",0
"2554","black",0
"2555","white",0
"2556","black",0
"2557","white",1
"2558","black",0
"2559","white",0
"2560","black",0
"2561","black",0
"2562","white",0
"2563","black",1
"2564","white",0
"2565","black",0
"2566","white",0
"2567","black",0
"2568","white",0
"2569","white",0
"2570","white",0
"2571","white",0
"2572","black",0
"2573","white",0
"2574","white",0
"2575","black",0
"2576","white",0
"2577","black",0
"2578","white",0
"2579","black",0
"2580","black",0
"2581","black",0
"2582","black",0
"2583","white",0
"2584","black",0
"2585","black",0
"2586","black",0
"2587","white",0
"2588","white",0
"2589","white",0
"2590","white",0
"2591","white",0
"2592","black",0
"2593","black",0
"2594","black",0
"2595","black",0
"2596","white",0
"2597","white",0
"2598","white",0
"2599","black",0
"2600","black",0
"2601","white",0
"2602","white",0
"2603","black",0
"2604","black",0
"2605","white",0
"2606","black",0
"2607","white",0
"2608","black",0
"2609","white",0
"2610","white",0
"2611","black",0
"2612","black",0
"2613","white",1
"2614","black",1
"2615","black",1
"2616","white",1
"2617","white",0
"2618","white",0
"2619","black",0
"2620","black",0
"2621","white",1
"2622","black",1
"2623","black",0
"2624","white",0
"2625","white",0
"2626","white",0
"2627","black",1
"2628","black",1
"2629","white",0
"2630","black",0
"2631","white",0
"2632","white",0
"2633","black",0
"2634","black",0
"2635","white",0
"2636","white",0
"2637","black",0
"2638","black",0
"2639","white",0
"2640","black",0
"2641","black",0
"2642","white",0
"2643","black",0
"2644","white",0
"2645","white",0
"2646","black",0
"2647","black",0
"2648","black",0
"2649","black",0
"2650","white",0
"2651","white",0
"2652","black",0
"2653","black",0
"2654","white",0
"2655","white",0
"2656","white",0
"2657","white",0
"2658","black",0
"2659","black",0
"2660","white",0
"2661","black",0
"2662","white",0
"2663","white",0
"2664","black",0
"2665","black",1
"2666","white",0
"2667","black",0
"2668","white",0
"2669","black",0
"2670","white",1
"2671","white",0
"2672","black",0
"2673","white",0
"2674","black",0
"2675","white",0
"2676","black",0
"2677","white",0
"2678","black",0
"2679","white",0
"2680","black",0
"2681","black",0
"2682","white",1
"2683","black",0
"2684","white",0
"2685","black",0
"2686","white",0
"2687","white",0
"2688","white",0
"2689","black",0
"2690","black",0
"2691","black",0
"2692","white",0
"2693","white",1
"2694","black",1
"2695","white",1
"2696","black",1
"2697","white",1
"2698","black",1
"2699","white",0
"2700","black",0
"2701","white",0
"2702","black",0
"2703","white",0
"2704","black",0
"2705","black",0
"2706","black",0
"2707","white",0
"2708","white",0
"2709","black",0
"2710","white",0
"2711","white",0
"2712","white",0
"2713","white",0
"2714","black",0
"2715","black",0
"2716","black",0
"2717","black",0
"2718","white",0
"2719","white",0
"2720","white",0
"2721","black",0
"2722","black",0
"2723","white",0
"2724","black",0
"2725","black",0
"2726","black",0
"2727","white",0
"2728","white",0
"2729","white",0
"2730","black",0
"2731","white",0
"2732","black",0
"2733","white",1
"2734","white",0
"2735","black",0
"2736","black",0
"2737","white",0
"2738","white",1
"2739","black",1
"2740","black",0
"2741","white",0
"2742","white",0
"2743","black",0
"2744","black",0
"2745","white",1
"2746","black",0
"2747","black",1
"2748","white",0
"2749","white",1
"2750","black",0
"2751","black",1
"2752","white",0
"2753","white",0
"2754","black",0
"2755","white",0
"2756","black",0
"2757","white",0
"2758","black",0
"2759","white",0
"2760","white",0
"2761","black",1
"2762","black",0
"2763","white",0
"2764","black",0
"2765","white",0
"2766","black",0
"2767","white",0
"2768","black",0
"2769","white",0
"2770","black",0
"2771","white",0
"2772","black",0
"2773","black",0
"2774","white",0
"2775","white",0
"2776","black",0
"2777","white",0
"2778","white",0
"2779","black",0
"2780","black",0
"2781","white",0
"2782","black",0
"2783","white",0
"2784","black",0
"2785","white",0
"2786","black",0
"2787","white",0
"2788","white",0
"2789","black",0
"2790","white",0
"2791","black",0
"2792","black",0
"2793","white",0
"2794","black",0
"2795","black",0
"2796","white",0
"2797","white",0
"2798","white",0
"2799","black",0
"2800","black",0
"2801","black",0
"2802","white",0
"2803","white",0
"2804","black",0
"2805","white",0
"2806","black",0
"2807","white",0
"2808","black",0
"2809","black",0
"2810","white",0
"2811","black",0
"2812","white",0
"2813","white",0
"2814","white",0
"2815","black",0
"2816","black",0
"2817","white",0
"2818","white",0
"2819","black",0
"2820","black",0
"2821","black",0
"2822","white",0
"2823","black",0
"2824","white",0
"2825","white",0
"2826","black",0
"2827","white",0
"2828","black",0
"2829","black",0
"2830","white",0
"2831","white",0
"2832","white",0
"2833","black",0
"2834","white",0
"2835","black",0
"2836","black",0
"2837","white",0
"2838","black",0
"2839","white",0
"2840","black",0
"2841","white",0
"2842","black",0
"2843","black",0
"2844","white",0
"2845","white",1
"2846","white",1
"2847","black",1
"2848","black",0
"2849","white",1
"2850","black",0
"2851","black",0
"2852","black",0
"2853","white",0
"2854","white",0
"2855","black",0
"2856","white",0
"2857","black",0
"2858","white",0
"2859","black",0
"2860","black",0
"2861","white",0
"2862","white",0
"2863","white",0
"2864","black",0
"2865","white",0
"2866","black",0
"2867","white",0
"2868","black",0
"2869","black",0
"2870","white",0
"2871","white",0
"2872","black",0
"2873","white",0
"2874","black",0
"2875","white",0
"2876","black",0
"2877","white",0
"2878","black",0
"2879","white",0
"2880","black",0
"2881","white",0
"2882","black",0
"2883","black",1
"2884","white",1
"2885","black",0
"2886","white",0
"2887","black",0
"2888","white",0
"2889","white",0
"2890","white",0
"2891","black",0
"2892","black",0
"2893","white",0
"2894","white",1
"2895","black",0
"2896","black",1
"2897","white",1
"2898","black",0
"2899","white",0
"2900","black",0
"2901","white",0
"2902","black",0
"2903","white",0
"2904","white",1
"2905","white",0
"2906","black",1
"2907","black",0
"2908","black",0
"2909","white",0
"2910","white",0
"2911","black",0
"2912","black",0
"2913","white",0
"2914","black",0
"2915","white",0
"2916","black",0
"2917","white",0
"2918","black",0
"2919","white",0
"2920","black",0
"2921","black",0
"2922","white",0
"2923","white",0
"2924","black",0
"2925","white",0
"2926","black",0
"2927","black",0
"2928","white",0
"2929","white",0
"2930","black",0
"2931","white",0
"2932","black",0
"2933","black",0
"2934","white",0
"2935","black",0
"2936","black",0
"2937","white",0
"2938","white",0
"2939","black",0
"2940","white",0
"2941","white",0
"2942","white",0
"2943","black",0
"2944","black",0
"2945","white",0
"2946","black",0
"2947","white",0
"2948","white",0
"2949","white",0
"2950","white",1
"2951","white",1
"2952","white",0
"2953","white",0
"2954","white",0
"2955","black",0
"2956","black",0
"2957","white",0
"2958","white",0
"2959","black",0
"2960","white",0
"2961","white",0
"2962","black",0
"2963","black",0
"2964","black",0
"2965","black",0
"2966","white",0
"2967","white",0
"2968","white",0
"2969","black",0
"2970","black",0
"2971","white",0
"2972","black",1
"2973","black",0
"2974","black",0
"2975","black",0
"2976","black",0
"2977","black",0
"2978","white",0
"2979","white",0
"2980","black",0
"2981","black",0
"2982","black",0
"2983","black",0
"2984","white",0
"2985","black",0
"2986","white",0
"2987","white",0
"2988","white",0
"2989","black",0
"2990","black",0
"2991","white",0
"2992","black",0
"2993","black",0
"2994","white",0
"2995","white",0
"2996","white",0
"2997","white",0
"2998","white",0
"2999","black",0
"3000","black",0
"3001","white",0
"3002","white",0
"3003","black",0
"3004","black",0
"3005","black",0
"3006","black",0
"3007","black",0
"3008","black",0
"3009","black",1
"3010","white",0
"3011","white",0
"3012","white",0
"3013","white",0
"3014","black",0
"3015","white",0
"3016","white",0
"3017","black",0
"3018","black",0
"3019","white",0
"3020","white",1
"3021","black",1
"3022","black",0
"3023","white",0
"3024","black",0
"3025","white",0
"3026","black",0
"3027","white",0
"3028","white",0
"3029","black",0
"3030","black",0
"3031","white",0
"3032","white",0
"3033","black",0
"3034","black",0
"3035","white",0
"3036","black",0
"3037","black",0
"3038","white",0
"3039","white",0
"3040","white",0
"3041","black",0
"3042","black",0
"3043","black",1
"3044","white",0
"3045","white",0
"3046","black",0
"3047","white",0
"3048","black",0
"3049","white",0
"3050","black",0
"3051","black",0
"3052","white",0
"3053","white",0
"3054","white",0
"3055","white",0
"3056","black",0
"3057","white",0
"3058","black",0
"3059","black",0
"3060","black",0
"3061","white",0
"3062","black",0
"3063","white",0
"3064","black",0
"3065","black",0
"3066","white",0
"3067","white",0
"3068","white",0
"3069","black",0
"3070","black",0
"3071","white",0
"3072","white",0
"3073","black",0
"3074","black",0
"3075","white",0
"3076","white",0
"3077","black",0
"3078","black",0
"3079","white",0
"3080","black",0
"3081","white",0
"3082","black",0
"3083","white",0
"3084","white",0
"3085","black",0
"3086","black",0
"3087","black",0
"3088","black",0
"3089","white",0
"3090","white",0
"3091","white",0
"3092","black",0
"3093","white",0
"3094","black",0
"3095","white",0
"3096","black",1
"3097","white",0
"3098","black",0
"3099","white",0
"3100","white",0
"3101","black",0
"3102","black",0
"3103","black",0
"3104","white",0
"3105","white",0
"3106","white",0
"3107","white",0
"3108","white",0
"3109","white",0
"3110","black",0
"3111","black",0
"3112","white",0
"3113","black",0
"3114","black",0
"3115","black",0
"3116","white",0
"3117","white",0
"3118","black",0
"3119","black",0
"3120","white",0
"3121","black",0
"3122","black",0
"3123","white",0
"3124","black",0
"3125","white",0
"3126","black",0
"3127","white",0
"3128","white",0
"3129","black",0
"3130","black",0
"3131","white",0
"3132","white",0
"3133","white",0
"3134","white",0
"3135","black",0
"3136","white",0
"3137","white",0
"3138","black",0
"3139","black",0
"3140","black",0
"3141","black",0
"3142","white",0
"3143","white",0
"3144","black",0
"3145","black",0
"3146","black",0
"3147","white",0
"3148","black",0
"3149","white",0
"3150","white",0
"3151","white",0
"3152","black",0
"3153","black",0
"3154","black",0
"3155","black",0
"3156","white",0
"3157","white",1
"3158","black",0
"3159","black",0
"3160","white",0
"3161","black",0
"3162","black",0
"3163","white",0
"3164","white",0
"3165","black",0
"3166","white",0
"3167","black",0
"3168","black",0
"3169","black",1
"3170","white",0
"3171","white",0
"3172","white",1
"3173","white",1
"3174","white",0
"3175","black",0
"3176","white",0
"3177","black",0
"3178","black",0
"3179","black",1
"3180","white",0
"3181","white",0
"3182","black",0
"3183","white",0
"3184","black",0
"3185","white",0
"3186","black",0
"3187","white",0
"3188","white",0
"3189","white",0
"3190","black",0
"3191","black",0
"3192","black",0
"3193","black",0
"3194","white",0
"3195","black",0
"3196","black",0
"3197","white",0
"3198","black",1
"3199","white",0
"3200","white",0
"3201","white",0
"3202","black",0
"3203","black",0
"3204","black",0
"3205","white",0
"3206","white",0
"3207","black",0
"3208","white",0
"3209","white",0
"3210","white",0
"3211","white",0
"3212","black",0
"3213","black",0
"3214","black",0
"3215","white",0
"3216","black",0
"3217","black",0
"3218","white",0
"3219","white",0
"3220","white",0
"3221","black",0
"3222","black",0
"3223","white",0
"3224","white",0
"3225","white",0
"3226","black",0
"3227","white",0
"3228","black",0
"3229","white",0
"3230","black",0
"3231","black",0
"3232","black",0
"3233","white",0
"3234","black",0
"3235","white",0
"3236","white",0
"3237","black",0
"3238","black",0
"3239","black",0
"3240","white",0
"3241","white",0
"3242","black",0
"3243","white",0
"3244","black",0
"3245","black",0
"3246","white",0
"3247","black",0
"3248","black",1
"3249","white",1
"3250","black",0
"3251","black",0
"3252","black",0
"3253","white",0
"3254","white",0
"3255","white",0
"3256","white",0
"3257","white",1
"3258","black",1
"3259","black",0
"3260","white",0
"3261","white",1
"3262","black",0
"3263","white",0
"3264","black",0
"3265","black",0
"3266","white",0
"3267","white",0
"3268","white",0
"3269","black",0
"3270","black",0
"3271","black",0
"3272","white",0
"3273","white",0
"3274","black",0
"3275","white",1
"3276","white",1
"3277","black",1
"3278","black",1
"3279","white",0
"3280","black",1
"3281","white",0
"3282","white",0
"3283","white",0
"3284","black",0
"3285","black",0
"3286","black",0
"3287","white",0
"3288","black",0
"3289","white",0
"3290","black",0
"3291","white",0
"3292","black",0
"3293","white",0
"3294","black",0
"3295","black",0
"3296","white",0
"3297","white",0
"3298","black",0
"3299","white",0
"3300","white",1
"3301","black",1
"3302","black",0
"3303","white",0
"3304","white",0
"3305","black",0
"3306","black",0
"3307","white",0
"3308","black",0
"3309","black",0
"3310","white",0
"3311","white",1
"3312","white",0
"3313","black",0
"3314","black",0
"3315","black",0
"3316","white",0
"3317","white",0
"3318","white",0
"3319","black",0
"3320","black",0
"3321","black",0
"3322","white",0
"3323","white",0
"3324","white",0
"3325","black",0
"3326","black",0
"3327","black",0
"3328","white",0
"3329","black",0
"3330","white",0
"3331","white",0
"3332","black",0
"3333","white",0
"3334","black",0
"3335","black",0
"3336","white",0
"3337","white",0
"3338","black",0
"3339","white",0
"3340","black",0
"3341","white",1
"3342","black",1
"3343","white",0
"3344","white",0
"3345","black",0
"3346","black",0
"3347","black",0
"3348","black",0
"3349","white",1
"3350","white",0
"3351","black",0
"3352","white",0
"3353","white",0
"3354","white",0
"3355","black",0
"3356","black",0
"3357","black",0
"3358","white",0
"3359","black",1
"3360","black",1
"3361","black",0
"3362","white",0
"3363","white",0
"3364","black",0
"3365","white",1
"3366","white",0
"3367","black",0
"3368","white",0
"3369","white",0
"3370","black",0
"3371","white",1
"3372","black",0
"3373","white",0
"3374","white",0
"3375","black",0
"3376","black",0
"3377","white",0
"3378","black",0
"3379","white",0
"3380","black",0
"3381","white",0
"3382","white",1
"3383","white",0
"3384","black",1
"3385","black",0
"3386","black",1
"3387","white",0
"3388","black",0
"3389","black",0
"3390","white",0
"3391","white",0
"3392","black",0
"3393","white",0
"3394","black",0
"3395","black",0
"3396","black",1
"3397","white",1
"3398","white",0
"3399","black",0
"3400","white",0
"3401","white",0
"3402","black",0
"3403","white",0
"3404","black",0
"3405","white",0
"3406","white",0
"3407","black",0
"3408","black",0
"3409","white",0
"3410","black",0
"3411","white",0
"3412","black",0
"3413","black",0
"3414","white",0
"3415","white",0
"3416","black",0
"3417","black",0
"3418","white",0
"3419","white",0
"3420","black",0
"3421","black",0
"3422","white",0
"3423","white",0
"3424","black",0
"3425","white",0
"3426","black",0
"3427","black",0
"3428","white",0
"3429","white",0
"3430","black",0
"3431","black",0
"3432","white",0
"3433","white",0
"3434","black",0
"3435","black",0
"3436","white",0
"3437","black",0
"3438","black",0
"3439","white",1
"3440","white",0
"3441","black",0
"3442","white",0
"3443","white",0
"3444","white",0
"3445","black",0
"3446","black",0
"3447","white",0
"3448","white",0
"3449","white",0
"3450","white",0
"3451","white",0
"3452","black",0
"3453","black",0
"3454","black",0
"3455","white",0
"3456","white",0
"3457","black",0
"3458","black",0
"3459","black",0
"3460","white",0
"3461","white",0
"3462","white",0
"3463","black",0
"3464","black",0
"3465","black",0
"3466","black",0
"3467","white",0
"3468","white",0
"3469","white",0
"3470","black",0
"3471","black",0
"3472","black",0
"3473","black",0
"3474","white",0
"3475","white",0
"3476","black",0
"3477","black",0
"3478","white",0
"3479","white",0
"3480","black",0
"3481","black",0
"3482","white",0
"3483","black",0
"3484","white",0
"3485","white",1
"3486","black",0
"3487","black",0
"3488","black",0
"3489","black",0
"3490","black",0
"3491","white",0
"3492","white",1
"3493","black",0
"3494","black",0
"3495","white",0
"3496","white",0
"3497","white",0
"3498","white",0
"3499","black",0
"3500","white",0
"3501","white",0
"3502","black",0
"3503","black",0
"3504","black",0
"3505","white",0
"3506","white",0
"3507","black",0
"3508","white",0
"3509","white",0
"3510","white",0
"3511","white",0
"3512","white",0
"3513","black",0
"3514","black",0
"3515","black",0
"3516","black",0
"3517","black",0
"3518","white",0
"3519","black",0
"3520","black",0
"3521","white",0
"3522","white",0
"3523","white",0
"3524","black",0
"3525","white",0
"3526","black",0
"3527","white",0
"3528","black",0
"3529","white",0
"3530","black",0
"3531","white",0
"3532","white",0
"3533","black",0
"3534","white",0
"3535","white",0
"3536","black",0
"3537","black",0
"3538","white",0
"3539","black",0
"3540","black",0
"3541","white",0
"3542","black",0
"3543","black",0
"3544","white",0
"3545","white",0
"3546","white",0
"3547","white",0
"3548","white",0
"3549","white",0
"3550","black",0
"3551","black",0
"3552","black",0
"3553","black",0
"3554","white",0
"3555","black",0
"3556","white",0
"3557","black",0
"3558","black",0
"3559","white",0
"3560","white",0
"3561","white",0
"3562","black",0
"3563","black",0
"3564","white",0
"3565","black",0
"3566","black",0
"3567","white",0
"3568","white",0
"3569","black",0
"3570","white",0
"3571","black",0
"3572","white",0
"3573","black",0
"3574","white",0
"3575","white",0
"3576","black",0
"3577","black",0
"3578","black",0
"3579","black",0
"3580","white",1
"3581","white",0
"3582","black",0
"3583","white",0
"3584","white",0
"3585","white",0
"3586","black",0
"3587","black",1
"3588","black",0
"3589","black",0
"3590","black",0
"3591","white",0
"3592","white",1
"3593","white",0
"3594","black",0
"3595","black",0
"3596","black",0
"3597","white",0
"3598","white",0
"3599","black",1
"3600","white",1
"3601","white",1
"3602","black",0
"3603","white",0
"3604","black",0
"3605","white",0
"3606","white",0
"3607","black",0
"3608","black",0
"3609","white",0
"3610","black",0
"3611","white",0
"3612","black",0
"3613","white",1
"3614","black",0
"3615","white",0
"3616","white",0
"3617","white",0
"3618","black",0
"3619","black",0
"3620","white",0
"3621","black",0
"3622","black",0
"3623","white",0
"3624","black",0
"3625","white",0
"3626","black",1
"3627","white",1
"3628","black",0
"3629","white",1
"3630","black",1
"3631","white",1
"3632","black",1
"3633","white",0
"3634","white",1
"3635","black",0
"3636","black",0
"3637","black",1
"3638","black",0
"3639","white",0
"3640","white",0
"3641","white",0
"3642","white",0
"3643","black",0
"3644","black",0
"3645","white",1
"3646","black",1
"3647","black",1
"3648","white",0
"3649","black",0
"3650","white",0
"3651","white",0
"3652","black",0
"3653","white",0
"3654","black",0
"3655","black",0
"3656","white",0
"3657","white",0
"3658","black",0
"3659","white",0
"3660","black",0
"3661","white",0
"3662","black",0
"3663","white",0
"3664","white",0
"3665","black",0
"3666","black",0
"3667","white",0
"3668","white",0
"3669","white",0
"3670","black",0
"3671","black",0
"3672","white",0
"3673","black",0
"3674","black",0
"3675","white",0
"3676","black",0
"3677","white",0
"3678","black",0
"3679","white",0
"3680","black",0
"3681","white",0
"3682","black",0
"3683","black",0
"3684","white",0
"3685","white",0
"3686","black",0
"3687","white",0
"3688","black",0
"3689","white",0
"3690","black",0
"3691","white",0
"3692","black",1
"3693","white",1
"3694","black",1
"3695","black",0
"3696","white",1
"3697","black",1
"3698","white",0
"3699","white",0
"3700","black",0
"3701","black",0
"3702","white",1
"3703","black",0
"3704","white",0
"3705","black",0
"3706","white",0
"3707","white",0
"3708","black",0
"3709","white",0
"3710","black",0
"3711","white",0
"3712","black",0
"3713","white",0
"3714","black",0
"3715","black",0
"3716","white",1
"3717","black",0
"3718","white",0
"3719","white",0
"3720","black",0
"3721","black",0
"3722","white",0
"3723","black",0
"3724","white",0
"3725","black",0
"3726","black",0
"3727","white",0
"3728","white",0
"3729","white",0
"3730","black",0
"3731","white",0
"3732","white",0
"3733","black",0
"3734","black",0
"3735","white",0
"3736","black",0
"3737","white",0
"3738","black",0
"3739","white",0
"3740","black",0
"3741","white",0
"3742","black",0
"3743","black",0
"3744","white",0
"3745","white",0
"3746","black",0
"3747","white",0
"3748","black",0
"3749","white",0
"3750","white",0
"3751","white",0
"3752","black",0
"3753","black",0
"3754","black",0
"3755","white",0
"3756","white",0
"3757","black",1
"3758","black",0
"3759","white",0
"3760","black",0
"3761","white",0
"3762","black",0
"3763","white",0
"3764","black",0
"3765","white",0
"3766","white",0
"3767","black",0
"3768","white",0
"3769","black",0
"3770","black",0
"3771","white",0
"3772","black",0
"3773","white",1
"3774","black",0
"3775","white",0
"3776","black",0
"3777","white",0
"3778","black",0
"3779","black",0
"3780","white",0
"3781","white",0
"3782","black",0
"3783","white",0
"3784","white",0
"3785","black",0
"3786","black",0
"3787","white",0
"3788","black",0
"3789","white",0
"3790","black",0
"3791","white",1
"3792","white",0
"3793","black",0
"3794","white",0
"3795","white",0
"3796","black",0
"3797","black",0
"3798","black",0
"3799","white",1
"3800","black",0
"3801","white",0
"3802","white",0
"3803","black",0
"3804","black",0
"3805","white",0
"3806","black",0
"3807","black",0
"3808","black",1
"3809","white",0
"3810","white",0
"3811","white",1
"3812","white",0
"3813","white",0
"3814","white",0
"3815","black",0
"3816","black",0
"3817","black",0
"3818","black",0
"3819","black",0
"3820","white",0
"3821","white",0
"3822","black",0
"3823","black",0
"3824","black",0
"3825","white",0
"3826","black",0
"3827","white",0
"3828","white",0
"3829","white",0
"3830","black",0
"3831","black",0
"3832","white",0
"3833","white",0
"3834","black",0
"3835","white",0
"3836","white",0
"3837","black",0
"3838","white",0
"3839","black",0
"3840","white",0
"3841","white",0
"3842","black",0
"3843","black",0
"3844","black",0
"3845","white",0
"3846","black",0
"3847","black",0
"3848","white",0
"3849","white",0
"3850","black",0
"3851","white",0
"3852","white",0
"3853","black",0
"3854","black",0
"3855","white",0
"3856","black",0
"3857","white",0
"3858","black",0
"3859","black",0
"3860","white",0
"3861","white",0
"3862","black",0
"3863","white",0
"3864","black",0
"3865","white",0
"3866","black",0
"3867","white",0
"3868","white",0
"3869","white",0
"3870","white",0
"3871","black",0
"3872","black",0
"3873","black",0
"3874","black",0
"3875","white",0
"3876","black",0
"3877","black",0
"3878","white",0
"3879","white",0
"3880","black",0
"3881","white",0
"3882","white",0
"3883","black",0
"3884","black",0
"3885","white",0
"3886","black",0
"3887","black",0
"3888","white",0
"3889","white",0
"3890","black",0
"3891","white",0
"3892","black",0
"3893","white",0
"3894","black",0
"3895","white",0
"3896","black",0
"3897","black",0
"3898","white",0
"3899","black",0
"3900","white",0
"3901","black",0
"3902","white",0
"3903","white",0
"3904","black",0
"3905","black",0
"3906","white",0
"3907","white",0
"3908","black",0
"3909","black",0
"3910","white",0
"3911","white",0
"3912","black",0
"3913","black",0
"3914","white",0
"3915","white",0
"3916","black",0
"3917","black",0
"3918","white",1
"3919","white",0
"3920","white",0
"3921","black",0
"3922","black",0
"3923","black",0
"3924","white",0
"3925","black",0
"3926","white",0
"3927","white",0
"3928","white",0
"3929","black",0
"3930","black",0
"3931","white",0
"3932","black",0
"3933","white",0
"3934","black",0
"3935","black",0
"3936","black",0
"3937","white",0
"3938","black",0
"3939","white",0
"3940","white",0
"3941","black",0
"3942","black",0
"3943","white",0
"3944","white",0
"3945","black",0
"3946","white",0
"3947","white",0
"3948","black",0
"3949","white",0
"3950","black",0
"3951","white",0
"3952","black",0
"3953","white",0
"3954","black",1
"3955","black",0
"3956","white",0
"3957","white",0
"3958","white",0
"3959","black",0
"3960","black",0
"3961","black",0
"3962","white",0
"3963","white",0
"3964","black",0
"3965","white",0
"3966","black",0
"3967","white",0
"3968","black",0
"3969","white",0
"3970","black",0
"3971","black",0
"3972","white",0
"3973","white",0
"3974","black",0
"3975","black",0
"3976","white",0
"3977","white",0
"3978","black",0
"3979","white",0
"3980","black",0
"3981","white",0
"3982","black",0
"3983","white",0
"3984","black",0
"3985","white",0
"3986","black",0
"3987","white",0
"3988","black",0
"3989","white",0
"3990","black",0
"3991","white",0
"3992","black",0
"3993","white",0
"3994","black",0
"3995","white",0
"3996","white",0
"3997","black",0
"3998","black",0
"3999","white",0
"4000","black",0
"4001","white",0
"4002","black",0
"4003","white",0
"4004","black",0
"4005","black",0
"4006","white",0
"4007","white",1
"4008","black",1
"4009","black",0
"4010","white",0
"4011","white",0
"4012","white",0
"4013","black",0
"4014","black",0
"4015","white",0
"4016","black",0
"4017","white",0
"4018","black",0
"4019","white",1
"4020","black",0
"4021","white",0
"4022","black",0
"4023","white",0
"4024","black",0
"4025","white",0
"4026","white",0
"4027","black",0
"4028","black",0
"4029","white",0
"4030","black",0
"4031","white",0
"4032","black",0
"4033","white",0
"4034","black",0
"4035","white",0
"4036","black",0
"4037","white",0
"4038","white",0
"4039","black",0
"4040","black",0
"4041","black",0
"4042","white",0
"4043","black",0
"4044","white",0
"4045","black",0
"4046","white",1
"4047","black",0
"4048","white",0
"4049","white",0
"4050","white",0
"4051","white",0
"4052","black",0
"4053","black",0
"4054","black",0
"4055","black",0
"4056","white",0
"4057","black",0
"4058","white",0
"4059","black",0
"4060","white",0
"4061","black",0
"4062","white",0
"4063","black",0
"4064","white",0
"4065","white",0
"4066","black",0
"4067","white",1
"4068","white",0
"4069","black",0
"4070","black",0
"4071","white",1
"4072","white",1
"4073","black",1
"4074","black",1
"4075","white",0
"4076","black",0
"4077","white",0
"4078","black",0
"4079","black",0
"4080","white",0
"4081","white",0
"4082","white",0
"4083","white",0
"4084","black",0
"4085","black",1
"4086","black",1
"4087","black",0
"4088","white",0
"4089","white",0
"4090","white",0
"4091","black",0
"4092","white",0
"4093","white",0
"4094","white",0
"4095","white",0
"4096","black",0
"4097","black",0
"4098","black",0
"4099","white",0
"4100","white",0
"4101","black",0
"4102","black",0
"4103","black",0
"4104","black",0
"4105","black",0
"4106","white",0
"4107","white",0
"4108","white",0
"4109","white",0
"4110","black",0
"4111","white",0
"4112","black",0
"4113","black",0
"4114","black",0
"4115","black",0
"4116","white",0
"4117","white",0
"4118","black",0
"4119","white",0
"4120","white",0
"4121","black",0
"4122","black",0
"4123","black",0
"4124","black",0
"4125","white",0
"4126","white",0
"4127","white",1
"4128","white",1
"4129","black",1
"4130","black",1
"4131","white",0
"4132","black",0
"4133","white",0
"4134","black",0
"4135","white",0
"4136","black",0
"4137","black",0
"4138","white",0
"4139","white",0
"4140","black",0
"4141","black",0
"4142","white",0
"4143","white",1
"4144","black",1
"4145","white",0
"4146","black",1
"4147","white",0
"4148","black",0
"4149","black",0
"4150","white",0
"4151","white",0
"4152","black",0
"4153","white",0
"4154","black",0
"4155","white",0
"4156","black",0
"4157","white",0
"4158","black",0
"4159","black",0
"4160","white",0
"4161","white",0
"4162","black",0
"4163","white",0
"4164","black",0
"4165","white",0
"4166","black",0
"4167","white",0
"4168","black",0
"4169","black",1
"4170","white",0
"4171","white",0
"4172","black",0
"4173","white",0
"4174","black",0
"4175","black",0
"4176","white",0
"4177","white",0
"4178","black",0
"4179","white",0
"4180","white",0
"4181","white",0
"4182","black",0
"4183","black",0
"4184","black",0
"4185","white",0
"4186","white",0
"4187","black",0
"4188","black",0
"4189","white",0
"4190","black",0
"4191","white",1
"4192","black",0
"4193","black",0
"4194","white",1
"4195","white",0
"4196","white",0
"4197","black",0
"4198","white",0
"4199","white",0
"4200","black",0
"4201","black",0
"4202","black",0
"4203","white",0
"4204","white",0
"4205","black",0
"4206","black",0
"4207","white",0
"4208","black",0
"4209","white",0
"4210","black",0
"4211","white",0
"4212","black",0
"4213","white",0
"4214","black",0
"4215","white",0
"4216","white",0
"4217","black",0
"4218","black",0
"4219","white",0
"4220","white",0
"4221","black",0
"4222","black",0
"4223","black",0
"4224","white",0
"4225","white",0
"4226","black",0
"4227","white",0
"4228","black",0
"4229","white",0
"4230","white",0
"4231","black",0
"4232","black",0
"4233","white",0
"4234","black",0
"4235","black",0
"4236","white",0
"4237","black",0
"4238","white",0
"4239","white",0
"4240","black",0
"4241","white",0
"4242","black",1
"4243","black",0
"4244","white",1
"4245","white",0
"4246","white",1
"4247","black",1
"4248","white",0
"4249","black",1
"4250","black",0
"4251","black",0
"4252","white",0
"4253","white",0
"4254","white",0
"4255","black",0
"4256","black",0
"4257","white",0
"4258","black",0
"4259","white",0
"4260","white",0
"4261","white",0
"4262","black",0
"4263","black",0
"4264","black",0
"4265","white",0
"4266","black",0
"4267","white",0
"4268","black",0
"4269","white",0
"4270","black",0
"4271","black",0
"4272","black",0
"4273","white",0
"4274","white",0
"4275","black",0
"4276","white",0
"4277","white",0
"4278","black",0
"4279","white",0
"4280","white",0
"4281","black",0
"4282","black",0
"4283","white",0
"4284","black",0
"4285","black",0
"4286","black",1
"4287","white",1
"4288","white",0
"4289","black",0
"4290","white",0
"4291","black",0
"4292","white",0
"4293","white",0
"4294","black",0
"4295","white",1
"4296","black",0
"4297","white",1
"4298","black",0
"4299","white",0
"4300","white",0
"4301","black",0
"4302","black",0
"4303","white",0
"4304","white",0
"4305","black",0
"4306","black",0
"4307","black",0
"4308","white",0
"4309","white",0
"4310","black",0
"4311","white",0
"4312","black",0
"4313","white",0
"4314","black",0
"4315","black",0
"4316","white",0
"4317","white",0
"4318","white",0
"4319","white",0
"4320","black",0
"4321","black",0
"4322","black",0
"4323","white",0
"4324","white",0
"4325","black",0
"4326","black",0
"4327","black",0
"4328","black",0
"4329","white",0
"4330","white",0
"4331","black",0
"4332","black",0
"4333","white",1
"4334","white",0
"4335","white",1
"4336","black",1
"4337","white",0
"4338","white",0
"4339","white",0
"4340","black",0
"4341","black",0
"4342","black",0
"4343","white",0
"4344","white",0
"4345","black",0
"4346","black",0
"4347","black",0
"4348","black",0
"4349","black",0
"4350","black",0
"4351","black",0
"4352","white",0
"4353","white",0
"4354","white",0
"4355","white",0
"4356","white",0
"4357","black",0
"4358","white",0
"4359","white",0
"4360","black",0
"4361","white",0
"4362","white",0
"4363","black",1
"4364","black",0
"4365","white",0
"4366","white",0
"4367","black",0
"4368","black",0
"4369","white",0
"4370","white",1
"4371","black",0
"4372","black",0
"4373","white",0
"4374","black",0
"4375","white",0
"4376","black",0
"4377","black",0
"4378","black",0
"4379","white",0
"4380","white",0
"4381","white",0
"4382","black",0
"4383","black",0
"4384","white",0
"4385","white",0
"4386","white",0
"4387","black",0
"4388","black",0
"4389","white",0
"4390","black",0
"4391","white",0
"4392","black",0
"4393","white",0
"4394","white",0
"4395","black",0
"4396","black",0
"4397","black",0
"4398","white",0
"4399","white",0
"4400","black",0
"4401","white",1
"4402","black",1
"4403","white",0
"4404","black",1
"4405","white",0
"4406","black",0
"4407","white",0
"4408","black",0
"4409","black",1
"4410","white",1
"4411","black",0
"4412","white",1
"4413","black",0
"4414","white",0
"4415","white",0
"4416","black",0
"4417","white",0
"4418","black",0
"4419","white",0
"4420","white",0
"4421","black",0
"4422","black",0
"4423","white",0
"4424","black",0
"4425","white",0
"4426","black",0
"4427","white",0
"4428","black",1
"4429","white",0
"4430","black",0
"4431","white",0
"4432","black",0
"4433","white",0
"4434","white",0
"4435","black",0
"4436","black",0
"4437","black",0
"4438","white",0
"4439","black",0
"4440","white",0
"4441","black",0
"4442","white",0
"4443","white",0
"4444","black",0
"4445","white",0
"4446","black",0
"4447","black",0
"4448","white",0
"4449","black",0
"4450","white",0
"4451","white",0
"4452","white",0
"4453","black",0
"4454","black",0
"4455","black",0
"4456","white",0
"4457","white",0
"4458","black",0
"4459","white",0
"4460","white",0
"4461","black",0
"4462","black",0
"4463","black",0
"4464","white",0
"4465","black",0
"4466","white",0
"4467","white",0
"4468","black",0
"4469","white",0
"4470","black",0
"4471","white",0
"4472","white",0
"4473","black",0
"4474","black",0
"4475","white",1
"4476","black",0
"4477","white",0
"4478","black",0
"4479","white",0
"4480","black",0
"4481","white",0
"4482","white",0
"4483","black",0
"4484","white",0
"4485","black",0
"4486","black",0
"4487","black",0
"4488","white",0
"4489","white",0
"4490","white",0
"4491","black",0
"4492","black",0
"4493","black",0
"4494","white",0
"4495","black",0
"4496","white",0
"4497","black",0
"4498","white",0
"4499","black",0
"4500","black",0
"4501","white",0
"4502","white",0
"4503","white",0
"4504","white",0
"4505","black",0
"4506","black",0
"4507","white",0
"4508","black",0
"4509","white",0
"4510","black",0
"4511","white",0
"4512","black",0
"4513","black",0
"4514","white",0
"4515","white",0
"4516","black",0
"4517","white",0
"4518","white",0
"4519","black",0
"4520","black",0
"4521","black",0
"4522","white",0
"4523","white",0
"4524","black",0
"4525","white",0
"4526","black",0
"4527","white",0
"4528","black",0
"4529","white",0
"4530","black",0
"4531","black",0
"4532","white",0
"4533","white",0
"4534","black",0
"4535","white",0
"4536","white",0
"4537","black",0
"4538","black",0
"4539","black",0
"4540","white",0
"4541","white",0
"4542","black",0
"4543","white",0
"4544","white",0
"4545","black",0
"4546","black",0
"4547","white",0
"4548","black",0
"4549","white",0
"4550","black",0
"4551","black",0
"4552","white",0
"4553","white",0
"4554","white",0
"4555","white",0
"4556","black",0
"4557","black",0
"4558","black",0
"4559","white",1
"4560","white",0
"4561","black",0
"4562","black",1
"4563","white",0
"4564","white",0
"4565","white",0
"4566","white",0
"4567","white",0
"4568","white",0
"4569","black",0
"4570","black",0
"4571","white",0
"4572","black",0
"4573","black",0
"4574","black",0
"4575","white",0
"4576","white",0
"4577","black",0
"4578","white",0
"4579","white",0
"4580","black",0
"4581","black",0
"4582","white",0
"4583","white",0
"4584","white",0
"4585","black",0
"4586","black",0
"4587","white",0
"4588","white",0
"4589","black",0
"4590","black",0
"4591","black",0
"4592","black",0
"4593","black",0
"4594","black",0
"4595","white",0
"4596","white",0
"4597","black",0
"4598","black",0
"4599","black",0
"4600","white",0
"4601","black",0
"4602","white",0
"4603","white",0
"4604","black",1
"4605","white",0
"4606","black",0
"4607","white",0
"4608","black",0
"4609","black",0
"4610","white",0
"4611","white",0
"4612","white",1
"4613","black",0
"4614","black",0
"4615","white",0
"4616","black",0
"4617","white",0
"4618","black",0
"4619","white",0
"4620","white",0
"4621","black",0
"4622","black",0
"4623","white",0
"4624","black",0
"4625","white",0
"4626","black",0
"4627","white",0
"4628","black",0
"4629","black",0
"4630","white",0
"4631","black",0
"4632","white",0
"4633","black",0
"4634","white",0
"4635","white",0
"4636","black",0
"4637","black",0
"4638","white",0
"4639","black",0
"4640","black",0
"4641","white",0
"4642","white",0
"4643","white",0
"4644","white",0
"4645","black",0
"4646","black",0
"4647","white",0
"4648","black",0
"4649","black",0
"4650","white",0
"4651","white",0
"4652","black",0
"4653","white",0
"4654","black",0
"4655","white",0
"4656","black",0
"4657","white",0
"4658","black",0
"4659","black",0
"4660","black",0
"4661","white",0
"4662","white",0
"4663","white",0
"4664","white",0
"4665","white",0
"4666","black",0
"4667","black",0
"4668","black",0
"4669","black",0
"4670","white",0
"4671","black",0
"4672","white",0
"4673","black",0
"4674","white",0
"4675","white",0
"4676","black",0
"4677","white",0
"4678","black",1
"4679","black",1
"4680","white",0
"4681","white",0
"4682","white",0
"4683","black",0
"4684","black",0
"4685","black",0
"4686","white",0
"4687","white",0
"4688","white",0
"4689","black",0
"4690","black",0
"4691","black",0
"4692","white",0
"4693","black",0
"4694","white",0
"4695","white",0
"4696","black",0
"4697","white",0
"4698","black",0
"4699","black",0
"4700","white",1
"4701","black",0
"4702","white",1
"4703","black",0
"4704","white",1
"4705","white",0
"4706","black",1
"4707","white",0
"4708","white",0
"4709","black",0
"4710","black",0
"4711","black",0
"4712","white",0
"4713","black",0
"4714","white",0
"4715","white",0
"4716","white",0
"4717","black",0
"4718","black",0
"4719","black",0
"4720","white",0
"4721","white",0
"4722","white",0
"4723","black",0
"4724","black",0
"4725","black",0
"4726","white",1
"4727","white",0
"4728","white",0
"4729","black",1
"4730","black",0
"4731","black",0
"4732","white",0
"4733","white",0
"4734","black",0
"4735","white",0
"4736","black",1
"4737","white",1
"4738","black",1
"4739","black",0
"4740","white",1
"4741","black",0
"4742","white",0
"4743","white",0
"4744","black",0
"4745","white",0
"4746","white",0
"4747","black",0
"4748","white",0
"4749","black",0
"4750","black",0
"4751","white",0
"4752","black",0
"4753","white",0
"4754","black",0
"4755","white",0
"4756","white",0
"4757","white",0
"4758","black",1
"4759","black",0
"4760","black",0
"4761","black",0
"4762","white",0
"4763","white",0
"4764","black",0
"4765","white",0
"4766","black",0
"4767","white",0
"4768","white",0
"4769","black",0
"4770","black",0
"4771","white",0
"4772","black",0
"4773","white",0
"4774","black",0
"4775","black",0
"4776","white",0
"4777","white",0
"4778","black",0
"4779","white",0
"4780","white",0
"4781","black",0
"4782","black",0
"4783","white",1
"4784","black",1
"4785","white",0
"4786","white",0
"4787","black",0
"4788","black",0
"4789","white",1
"4790","black",0
"4791","white",0
"4792","white",0
"4793","black",0
"4794","black",0
"4795","white",0
"4796","black",0
"4797","black",0
"4798","white",0
"4799","white",0
"4800","white",0
"4801","black",0
"4802","black",0
"4803","white",0
"4804","white",0
"4805","black",0
"4806","black",0
"4807","black",0
"4808","black",0
"4809","black",0
"4810","white",0
"4811","white",0
"4812","white",0
"4813","black",0
"4814","white",0
"4815","white",0
"4816","black",0
"4817","white",0
"4818","white",0
"4819","black",0
"4820","white",0
"4821","black",0
"4822","black",0
"4823","white",0
"4824","black",0
"4825","white",0
"4826","black",0
"4827","white",1
"4828","black",0
"4829","black",0
"4830","white",1
"4831","white",0
"4832","white",0
"4833","black",0
"4834","black",0
"4835","white",0
"4836","black",0
"4837","white",0
"4838","black",0
"4839","white",0
"4840","white",0
"4841","black",0
"4842","black",0
"4843","black",0
"4844","white",1
"4845","black",0
"4846","white",0
"4847","white",1
"4848","white",1
"4849","black",1
"4850","black",0
"4851","black",0
"4852","white",0
"4853","white",0
"4854","black",0
"4855","white",0
"4856","white",0
"4857","black",0
"4858","black",0
"4859","black",0
"4860","black",1
"4861","white",0
"4862","white",1
"4863","white",0
"4864","white",0
"4865","black",0
"4866","black",0
"4867","black",0
"4868","white",0
"4869","black",0
"4870","white",0
